/****************************************************************************/
/***                     CREACIÓN DE LA BASE DE DATOS                     ***/
/****************************************************************************/
CREATE DATABASE [DBIntegrantes_04]
GO
USE [DBIntegrantes_04]
SET ANSI_NULLS ON
SET QUOTED_IDENTIFIER ON


/****************************************************************************/
/***                CREACIÓN DE LAS TABLAS CON SUS PF Y FK                ***/
/****************************************************************************/

/****** Object:  Table [dbo].[Cargo]    Script Date: 10-06-2025 13:25:26 ******/
CREATE TABLE [dbo].[Cargo](
	[ID_Cargo] [int] NOT NULL,
	[Cargo] [varchar](100) NOT NULL,
 CONSTRAINT [PK_Cargo] PRIMARY KEY CLUSTERED 
(
	[ID_Cargo] ASC
)WITH (PAD_INDEX = OFF, STATISTICS_NORECOMPUTE = OFF, IGNORE_DUP_KEY = OFF, ALLOW_ROW_LOCKS = ON, ALLOW_PAGE_LOCKS = ON, OPTIMIZE_FOR_SEQUENTIAL_KEY = OFF) ON [PRIMARY]
) ON [PRIMARY]

/****** Object:  Table [dbo].[Departamento]    Script Date: 10-06-2025 13:30:29 ******/
CREATE TABLE [dbo].[Departamento](
	[COD_Departamento] [varchar](50) NOT NULL,
	[Departamento] [varchar](50) NOT NULL,
	[ID_Gerente] [int] NOT NULL,
 CONSTRAINT [PK_Departamento] PRIMARY KEY CLUSTERED 
(
	[COD_Departamento] ASC
)WITH (PAD_INDEX = OFF, STATISTICS_NORECOMPUTE = OFF, IGNORE_DUP_KEY = OFF, ALLOW_ROW_LOCKS = ON, ALLOW_PAGE_LOCKS = ON, OPTIMIZE_FOR_SEQUENTIAL_KEY = OFF) ON [PRIMARY]
) ON [PRIMARY]

/****** Object:  Table [dbo].[Estado_Integrante]    Script Date: 10-06-2025 13:27:40 ******/
CREATE TABLE [dbo].[Estado_Integrante](
	[ID_Estado_Integrante] [int] NOT NULL,
	[Estado_Integrante] [varchar](50) NOT NULL,
 CONSTRAINT [PK_Estado_Integrante] PRIMARY KEY CLUSTERED 
(
	[ID_Estado_Integrante] ASC
)WITH (PAD_INDEX = OFF, STATISTICS_NORECOMPUTE = OFF, IGNORE_DUP_KEY = OFF, ALLOW_ROW_LOCKS = ON, ALLOW_PAGE_LOCKS = ON, OPTIMIZE_FOR_SEQUENTIAL_KEY = OFF) ON [PRIMARY]
) ON [PRIMARY]

/****** Object:  Table [dbo].[Gerente]    Script Date: 10-06-2025 13:28:37 ******/
CREATE TABLE [dbo].[Gerente](
	[ID_Gerente] [int] NOT NULL,
	[Gerente] [varchar](50) NOT NULL,
 CONSTRAINT [PK_Gerente] PRIMARY KEY CLUSTERED 
(
	[ID_Gerente] ASC
)WITH (PAD_INDEX = OFF, STATISTICS_NORECOMPUTE = OFF, IGNORE_DUP_KEY = OFF, ALLOW_ROW_LOCKS = ON, ALLOW_PAGE_LOCKS = ON, OPTIMIZE_FOR_SEQUENTIAL_KEY = OFF) ON [PRIMARY]
) ON [PRIMARY]

/****** Object:  Table [dbo].[Integrante]    Script Date: 10-06-2025 13:28:47 ******/
CREATE TABLE [dbo].[Integrante](
	[ID] [varchar](50) NOT NULL,
	[Nombre] [varchar](100) NOT NULL,
	[Salario] [int] NOT NULL,
	[Fecha_Nacimiento] [date] NOT NULL,
	[Edad] [int] NOT NULL,
	[Fecha_Contratacion] [date] NOT NULL,
	[Indice_Satisfaccion] [int] NOT NULL,
	[ID_Cargo] [int] NOT NULL,
	[ID_Sexo] [int] NOT NULL,
	[ID_Estado_Integrante] [int] NOT NULL,
	[COD_Departamento] [varchar](50) NOT NULL,
	[ID_Reclutamiento_Fuentes] [int] NOT NULL,
	[ID_Registro_Desempeño] [int] NOT NULL,
 CONSTRAINT [PK_Integrante] PRIMARY KEY CLUSTERED 
(
	[ID] ASC
)WITH (PAD_INDEX = OFF, STATISTICS_NORECOMPUTE = OFF, IGNORE_DUP_KEY = OFF, ALLOW_ROW_LOCKS = ON, ALLOW_PAGE_LOCKS = ON, OPTIMIZE_FOR_SEQUENTIAL_KEY = OFF) ON [PRIMARY]
) ON [PRIMARY]

/****** Object:  Table [dbo].[Reclutamiento_Fuentes]    Script Date: 10-06-2025 13:28:56 ******/
CREATE TABLE [dbo].[Reclutamiento_Fuentes](
	[ID_Reclutamiento_Fuentes] [int] NOT NULL,
	[Reclutamiento_Fuentes] [varchar](50) NOT NULL,
 CONSTRAINT [PK_Reclutamiento_Fuentes] PRIMARY KEY CLUSTERED 
(
	[ID_Reclutamiento_Fuentes] ASC
)WITH (PAD_INDEX = OFF, STATISTICS_NORECOMPUTE = OFF, IGNORE_DUP_KEY = OFF, ALLOW_ROW_LOCKS = ON, ALLOW_PAGE_LOCKS = ON, OPTIMIZE_FOR_SEQUENTIAL_KEY = OFF) ON [PRIMARY]
) ON [PRIMARY]

/****** Object:  Table [dbo].[Registro_Desempeño]    Script Date: 10-06-2025 13:29:07 ******/
CREATE TABLE [dbo].[Registro_Desempeño](
	[ID_Registro_Desempeño] [int] NOT NULL,
	[Registro_Desempeño] [varchar](50) NOT NULL,
 CONSTRAINT [PK_Registro_Desempeño] PRIMARY KEY CLUSTERED 
(
	[ID_Registro_Desempeño] ASC
)WITH (PAD_INDEX = OFF, STATISTICS_NORECOMPUTE = OFF, IGNORE_DUP_KEY = OFF, ALLOW_ROW_LOCKS = ON, ALLOW_PAGE_LOCKS = ON, OPTIMIZE_FOR_SEQUENTIAL_KEY = OFF) ON [PRIMARY]
) ON [PRIMARY]

/****** Object:  Table [dbo].[Sexo]    Script Date: 10-06-2025 13:29:19 ******/
CREATE TABLE [dbo].[Sexo](
	[ID_Sexo] [int] NOT NULL,
	[Sexo] [varchar](1) NOT NULL,
 CONSTRAINT [PK_Sexo] PRIMARY KEY CLUSTERED 
(
	[ID_Sexo] ASC
)WITH (PAD_INDEX = OFF, STATISTICS_NORECOMPUTE = OFF, IGNORE_DUP_KEY = OFF, ALLOW_ROW_LOCKS = ON, ALLOW_PAGE_LOCKS = ON, OPTIMIZE_FOR_SEQUENTIAL_KEY = OFF) ON [PRIMARY]
) ON [PRIMARY]


/*****************************************************************************/
/***                  INSERCIÓN DE LOS DATOS A LAS TABLAS                  ***/
/*****************************************************************************/

INSERT INTO [dbo].[Cargo]
           ([ID_Cargo], [Cargo])
     VALUES
			( 1, 'ANALISTA COMERCIAL I'),
			( 2, 'ANALISTA COMERCIAL II'),
			( 3, 'ANALISTA COMERCIAL III'),
			( 4, 'ANALISTA DE BI'),
			( 5, 'ANALISTA DE DATOS'),
			( 6, 'ANALISTA DE SOPORTE DE TI'),
			( 7, 'ASISTENTE ADMINISTRATIVO'),
			( 8, 'CONTADOR I'),
			( 9, 'CONTADOR II'),
			( 10, 'DIRECTOR DE PRODUCCIÓN'),
			( 11, 'DIRECTOR DE TI'),
			( 12, 'DIRETOR ADMINISTRATIVO'),
			( 13, 'DIRETOR COMERCIAL'),
			( 14, 'GERENTE ADMINISTRATIVO'),
			( 15, 'GERENTE COMERCIAL'),
			( 16, 'GERENTE DE PRODUCCIÓN'),
			( 17, 'GERENTE DE TI'),
			( 18, 'INGENIERO DE SOFTWARE'),
			( 19, 'TÉCNICO DE PRODUCCIÓN I'),
			( 20, 'TÉCNICO DE PRODUCCIÓN II')

INSERT INTO [dbo].[Departamento]
           ([COD_Departamento], [Departamento], [ID_Gerente])
     VALUES
			( 'D100', 'PRODUCCIÓN', 5),
			( 'D300', 'ADMINISTRATIVO', 1),
			( 'D200', 'VENTAS', 3),
			( 'D500', 'LOGISTICA', 2),
			( 'D400', 'TI', 6),
			( 'D600', 'CALL CENTER', 4)

INSERT INTO [dbo].[Estado_Integrante]
           ([ID_Estado_Integrante], [Estado_Integrante])
     VALUES
			( 1, 'ACTIVO')

INSERT INTO [dbo].[Gerente]
           ([ID_Gerente], [Gerente])
     VALUES
			( 1, 'ANA CATALINA VEGA'),
			( 2, 'JUAN AVENDAÑO M.'),
			( 3, 'JULIA SANGUEZA'),
			( 4, 'LUIS PACHECO S.'),
			( 5, 'ROBERTO ROKO.'),
			( 6, 'VANIA ROSALES F.')

INSERT INTO [dbo].[Integrante]
           ([ID], [Nombre], [Salario], [Fecha_Nacimiento], [Edad], [Fecha_Contratacion], [Indice_Satisfaccion], [ID_Cargo], [ID_Sexo], [ID_Estado_Integrante], [COD_Departamento], [ID_Reclutamiento_Fuentes], [ID_Registro_Desempeño])
     VALUES
			( 'A1000974650', 'CAIO', 11660, '1980-12-15', 40, '2013-07-19', 2, 16, 2, 1, 'D100', 2, 1),
			( 'A1001103149', 'MARIA DA CRUZ', 5500, '1975-04-23', 46, '2016-05-12', 2.5, 20, 1, 1, 'D100', 2, 2),
			( 'A1001109612', 'ANA LÍVIA', 3300, '1983-05-10', 38, '2015-02-06', 3, 19, 1, 1, 'D100', 2, 3),
			( 'A1001495124', 'ANTONELLA', 17600, '1959-09-20', 52, '2015-02-06', 3, 12, 1, 1, 'D300', 4, 3),
			( 'A1001504432', 'EMILLY DA M.', 5742, '1987-03-27', 34, '2016-08-18', 4, 20, 1, 1, 'D100', 4, 2),
			( 'A1001549006', 'ANA LAURA DA M.', 5335, '1991-05-24', 29, '2017-12-04', 3, 20, 1, 1, 'D100', 1, 3),
			( 'A1001644719', 'MARCELO H.', 5940, '1971-11-21', 49, '2014-08-14', 3, 17, 2, 1, 'D400', 4, 3),
			( 'A1001735072', 'IAN', 3740, '1986-11-22', 34, '2010-05-10', 3, 19, 2, 1, 'D100', 4, 3),
			( 'A1001956578', 'SARAH', 5940, '1984-04-02', 37, '2018-02-15', 3, 18, 1, 1, 'D400', 4, 3),
			( 'A1001970770', 'SAMUEL', 4840, '1968-10-28', 52, '2017-09-28', 3, 20, 2, 1, 'D100', 4, 2),
			( 'A1002017900', 'LUIZ HENRIQUE', 4180, '1989-03-31', 32, '2015-08-13', 4, 19, 2, 1, 'D100', 2, 3),
			( 'A1003018246', 'FERNANDO', 8800, '1991-07-10', 29, '2018-04-30', 3, 6, 1, 1, 'D400', 4, 3),
			( 'A1006020020', 'ANA BEATRIZ', 5280, '1986-03-15', 35, '2015-09-01', 5, 19, 1, 1, 'D100', 2, 3),
			( 'A1006020066', 'ANA CLARA', 13200, '1988-03-17', 33, '2012-04-30', 5, 10, 1, 1, 'D100', 1, 2),
			( 'A1007020403', 'RYAN', 4675, '1979-05-30', 41, '2017-10-10', 5, 19, 2, 1, 'D100', 2, 3),
			( 'A1008020942', 'MARIA FLOR DA M.', 4950, '1991-06-10', 29, '2014-05-06', 4, 20, 1, 1, 'D100', 2, 2),
			( 'A1009021646', 'MELISSA', 13200, '1971-03-16', 50, '2017-05-04', 4, 13, 1, 1, 'D200', 2, 3),
			( 'A1009919920', 'HENRIQUE', 11150, '1977-09-01', 43, '2019-06-09', 5, 17, 2, 1, 'D400', 1, 3),
			( 'A1009919930', 'CRISTIANE', 10000, '1992-06-12', 28, '2019-02-09', 5, 4, 1, 1, 'D400', 4, 3),
			( 'A1009919940', 'MARIA CLARA', 7500, '1985-12-04', 35, '2019-02-09', 4, 4, 1, 1, 'D400', 4, 3),
			( 'A1009919950', 'ELOÁ', 12100, '1977-11-20', 43, '2018-12-31', 3, 5, 1, 1, 'D400', 4, 3),
			( 'A1009919960', 'LUIZ OTÁVIO M.', 10500, '1975-04-24', 46, '2019-02-01', 3, 4, 2, 1, 'D400', 4, 3),
			( 'A1009919970', 'CARLOS EDUARDO M.', 10500, '1986-08-06', 34, '2019-02-14', 4, 4, 2, 1, 'D400', 4, 3),
			( 'A1009919980', 'SAMUEL', 8000, '1988-04-07', 33, '2019-02-14', 5, 4, 2, 1, 'D400', 4, 3),
			( 'A1009919990', 'ENZO GABRIEL', 7500, '1992-10-22', 28, '2019-04-20', 3, 4, 2, 1, 'D400', 4, 3),
			( 'A1009920000', 'JOÃO MIGUEL', 7500, '1994-06-29', 26, '2019-04-20', 5, 4, 2, 1, 'D400', 4, 3),
			( 'A1010022337', 'ERNILDA J.', 13486, '1991-06-05', 29, '2019-06-30', 5, 17, 1, 1, 'D400', 3, 3),
			( 'A1011022818', 'BRUNO M.', 4840, '1981-10-01', 39, '2017-08-17', 5, 20, 2, 1, 'D100', 3, 3),
			( 'A1011022820', 'JOANA P.', 5500, '1985-02-01', 36, '2015-05-03', 4, 20, 1, 1, 'D100', 3, 3),
			( 'A1011022863', 'DANIEL', 13860, '1991-05-09', 30, '2015-02-14', 3, 17, 2, 1, 'D400', 4, 1),
			( 'A1011022883', 'MAYA', 4620, '1993-09-26', 27, '2011-07-01', 5, 19, 1, 1, 'D100', 2, 3),
			( 'A1011022887', 'JOÃO GABRIEL', 3740, '1990-01-27', 31, '2016-08-06', 5, 19, 2, 1, 'D100', 3, 2),
			( 'A1012023010', 'BRENO M.', 5335, '1990-11-04', 30, '2017-07-06', 4, 20, 2, 1, 'D100', 3, 3),
			( 'A1012023013', 'EDUARDO', 9460, '1992-06-16', 28, '2018-03-29', 3, 18, 2, 1, 'D400', 4, 1),
			( 'A1012023152', 'PIETRA', 4840, '1988-05-14', 33, '2017-02-16', 3, 19, 1, 1, 'D100', 4, 1),
			( 'A1012023185', 'NATASHA P.', 10835, '1991-07-23', 29, '2015-05-11', 3, 18, 1, 1, 'D400', 4, 3),
			( 'A1012023295', 'HELOISE', 4840, '1993-05-30', 27, '2014-03-09', 5, 19, 1, 1, 'D100', 4, 3),
			( 'A1101023353', 'ANA', 4400, '1980-10-20', 40, '2018-02-15', 3, 19, 1, 1, 'D100', 4, 3),
			( 'A1101023457', 'ENZO MIGUEL M.', 4840, '1988-07-26', 32, '2017-09-28', 3, 20, 2, 1, 'D100', 3, 3),
			( 'A1101023540', 'LAVÍNIA', 8140, '1993-07-17', 27, '2018-04-30', 4, 6, 1, 1, 'D400', 3, 3),
			( 'A1101023577', 'CRISTINA C.', 12320, '1992-05-02', 29, '2016-11-10', 4, 18, 1, 1, 'D400', 4, 3),
			( 'A1101023612', 'ARTHUR MIGUEL', 4620, '1983-08-24', 37, '2017-03-30', 3, 19, 2, 1, 'D100', 3, 3),
			( 'A1101023679', 'HENRY', 3687, '1988-07-18', 32, '2015-02-19', 4, 19, 2, 1, 'D100', 2, 3),
			( 'A1101023754', 'ANTHONY', 14080, '1975-09-06', 45, '2017-04-30', 5, 17, 2, 1, 'D400', 1, 2),
			( 'A1102024106', 'MARIA EDUARDA', 10500, '1993-08-28', 27, '2015-09-01', 5, 3, 1, 1, 'D200', 4, 3),
			( 'A1102024115', 'TOMÁS M.', 12100, '1989-10-05', 31, '2019-05-01', 4, 14, 2, 1, 'D300', 4, 3),
			( 'A1102024121', 'GABRIELLY', 3300, '1989-07-06', 31, '2016-01-04', 4, 19, 1, 1, 'D100', 2, 3),
			( 'A1102024149', 'MARINA', 11440, '1980-09-28', 40, '2015-02-09', 5, 16, 1, 1, 'D100', 3, 3),
			( 'A1102024173', 'BRYAN', 9240, '1994-11-23', 26, '2018-03-29', 5, 6, 2, 1, 'D400', 1, 3),
			( 'A1103024335', 'LUIZ OTÁVIO', 4840, '1984-11-22', 36, '2017-02-16', 3, 19, 2, 1, 'D100', 2, 1),
			( 'A1103024456', 'ALICE', 6270, '1992-11-22', 28, '2011-10-27', 2, 8, 1, 1, 'D300', 1, 3),
			( 'A1103024679', 'MARIA CECÍLIA', 12100, '1986-10-25', 34, '2016-09-29', 3, 16, 1, 1, 'D100', 4, 2),
			( 'A1103024843', 'GABRIELA DA M.', 5720, '1984-10-01', 36, '2015-02-03', 3, 20, 1, 1, 'D100', 2, 3),
			( 'A1103024924', 'MARTA J.', 6160, '1997-07-04', 23, '2018-05-05', 3, 20, 1, 1, 'D100', 1, 3),
			( 'A1104025008', 'NICOLAS', 8000, '1984-11-25', 36, '2016-08-18', 5, 2, 2, 1, 'D200', 4, 3),
			( 'A1104025414', 'RODRIGO', 3960, '1985-04-17', 36, '2016-08-06', 4, 19, 2, 1, 'D100', 1, 3),
			( 'A1104025435', 'MARIA VALENTINA DA M.', 5806, '1990-11-22', 30, '2017-10-10', 5, 20, 1, 1, 'D100', 4, 3),
			( 'A1105025661', 'JAZZ', 5280, '1994-08-24', 26, '2017-07-06', 1, 20, 1, 1, 'D100', 4, 1),
			( 'A1105025718', 'ISADORA', 7480, '1989-02-19', 32, '2018-03-29', 5, 6, 1, 1, 'D400', 4, 3),
			( 'A1105026041', 'FERNANDA', 5280, '1988-02-11', 33, '2014-05-15', 4, 19, 1, 1, 'D100', 2, 3),
			( 'A1106026433', 'MARIA FERNANDA DA M.', 5500, '1989-11-02', 31, '2019-06-06', 5, 20, 1, 1, 'D100', 3, 3),
			( 'A1106026462', 'ERICK C.', 6380, '1991-04-25', 30, '2013-08-29', 3, 20, 2, 1, 'D100', 4, 3),
			( 'A1106026474', 'SOPHIE S.', 4400, '1990-06-03', 30, '2018-05-06', 3, 19, 1, 1, 'D100', 4, 3),
			( 'A1106026572', 'MIGUEL', 5060, '1989-04-25', 32, '2017-05-31', 4, 8, 2, 1, 'D300', 4, 3),
			( 'A1106026579', 'ENRICO', 3300, '1984-05-19', 36, '2015-02-06', 3, 19, 2, 1, 'D100', 2, 3),
			( 'A1106026896', 'DAVI MIGUEL', 4840, '1990-03-13', 31, '2017-02-16', 3, 19, 2, 1, 'D100', 1, 3),
			( 'A1106026933', 'ISAAC', 13640, '1978-05-03', 43, '2016-01-20', 5, 17, 2, 1, 'D400', 1, 3),
			( 'A1107027351', 'BENTO', 11660, '1986-10-07', 34, '2015-08-16', 3, 16, 2, 1, 'D100', 4, 3),
			( 'A1107027358', 'CRISTIANI', 10472, '1984-05-22', 36, '2017-10-10', 3, 18, 1, 1, 'D400', 3, 3),
			( 'A1108027853', 'EMANUELLY', 9405, '1989-09-15', 31, '2017-10-10', 5, 5, 1, 1, 'D400', 3, 2),
			( 'A1108028108', 'BERNARDO S.', 12364, '1991-04-22', 30, '2017-10-10', 5, 18, 2, 1, 'D400', 3, 3),
			( 'A1108028351', 'MARIANA P.', 5940, '1988-08-10', 32, '2016-09-29', 5, 20, 1, 1, 'D100', 3, 3),
			( 'A1108028428', 'OLÍVIA DA M.', 5940, '1983-09-21', 37, '2017-07-06', 5, 20, 1, 1, 'D100', 1, 3),
			( 'A1109029256', 'GABRIELLY S.', 4400, '1981-09-21', 39, '2018-03-29', 4, 19, 1, 1, 'D100', 4, 3),
			( 'A1109029366', 'EMANUEL', 3520, '1975-12-21', 45, '2015-02-03', 3, 19, 2, 1, 'D100', 3, 3),
			( 'A1110029623', 'LETICIA M.', 5060, '1981-08-24', 39, '2019-08-05', 3, 20, 1, 1, 'D100', 3, 3),
			( 'A1110029732', 'ANA LUIZA', 6908, '1984-02-23', 37, '2018-03-29', 3, 5, 1, 1, 'D400', 3, 3),
			( 'A1110029777', 'ANDRÉ', 3740, '1984-06-02', 36, '2016-08-06', 4, 19, 2, 1, 'D100', 2, 3),
			( 'A1110029990', 'ANTÔNIO', 12100, '1988-09-06', 32, '2019-01-27', 2.8, 16, 2, 1, 'D100', 4, 2),
			( 'A1111030129', 'JOSÉ', 4840, '1988-08-22', 32, '2016-08-06', 5, 19, 2, 1, 'D100', 4, 3),
			( 'A1111030244', 'AYLA S.', 3080, '1987-08-24', 33, '2014-09-30', 4, 19, 1, 1, 'D100', 3, 3),
			( 'A1111030503', 'ENZO', 7500, '1994-11-06', 26, '2015-05-03', 4, 2, 2, 1, 'D200', 4, 3),
			( 'A1111030684', 'LÍVIA', 8000, '1994-03-30', 27, '2016-08-06', 5, 2, 1, 1, 'D200', 4, 3),
			( 'A1112030816', 'CECÍLIA', 14300, '1984-08-28', 36, '2013-10-03', 5, 11, 1, 1, 'D400', 3, 2),
			( 'A1192991000', 'JOÃO PEDRO', 14300, '1985-05-06', 36, '2014-04-14', 5, 17, 2, 1, 'D400', 1, 2),
			( 'A1201031274', 'RODRIGO Z.', 5500, '1984-09-12', 36, '2014-07-10', 4, 20, 2, 1, 'D100', 4, 3),
			( 'A1201031308', 'ROVENA SOUZA', 7689, '1984-04-14', 37, '2012-04-30', 3, 9, 1, 1, 'D300', 1, 3),
			( 'A1201031310', 'LUCAS GABRIEL', 4180, '1987-07-09', 33, '2018-04-30', 5, 19, 2, 1, 'D100', 3, 3),
			( 'A1201031324', 'JOSÉ M.', 10560, '1988-06-03', 32, '2017-07-06', 5, 18, 2, 1, 'D400', 2, 2),
			( 'A1201031438', 'MIRELLA', 4400, '1977-11-08', 43, '2015-05-11', 3, 19, 1, 1, 'D100', 4, 3),
			( 'A1202031618', 'LARISSA', 3685, '1991-07-09', 29, '2015-02-03', 5, 19, 1, 1, 'D100', 4, 3),
			( 'A1203032099', 'LORENA', 8600, '1994-09-21', 26, '2018-02-15', 5, 2, 1, 1, 'D200', 4, 3),
			( 'A1203032255', 'PIETRO', 9284, '1991-08-25', 29, '2018-03-29', 3, 5, 2, 1, 'D400', 4, 3),
			( 'A1203032263', 'ISABELLY', 6048, '1978-12-02', 42, '2014-10-05', 3, 6, 1, 1, 'D400', 1, 3),
			( 'A1203032357', 'LÍVIA', 4180, '1989-07-06', 31, '2016-08-06', 5, 19, 1, 1, 'D100', 3, 3),
			( 'A1203032498', 'CELIA B.', 12566, '1984-05-05', 37, '2015-09-01', 5, 18, 1, 1, 'D400', 4, 3),
			( 'A1203038888', 'BENJAMIN', 8600, '1979-09-04', 41, '2017-12-04', 2, 2, 2, 1, 'D200', 2, 1),
			( 'A1204032843', 'HEITOR', 4250, '1974-02-23', 47, '2014-07-02', 5, 1, 2, 1, 'D200', 1, 3),
			( 'A1204032927', 'LUNA', 3520, '1985-08-04', 35, '2017-09-28', 4, 19, 1, 1, 'D100', 1, 2),
			( 'A1205033102', 'MARIA', 3300, '1990-08-23', 30, '2016-08-18', 4, 19, 1, 1, 'D100', 4, 3),
			( 'A1205033180', 'ANA BEATRIZ DA M.', 4840, '1990-04-19', 31, '2017-09-28', 4, 20, 1, 1, 'D100', 4, 3),
			( 'A1208048062', 'ANA LÍVIA S.', 3520, '1956-01-31', 52, '2017-09-28', 4, 19, 1, 1, 'D100', 4, 3),
			( 'A1209048696', 'CLARA', 4840, '1983-02-11', 38, '2016-06-30', 3, 19, 1, 1, 'D100', 4, 1),
			( 'A1209048771', 'GUILHERME', 8600, '1975-11-05', 45, '2015-05-14', 5, 2, 2, 1, 'D200', 3, 3),
			( 'A1209049259', 'ANA LIZ', 3740, '1991-07-06', 29, '2017-05-31', 4, 19, 1, 1, 'D100', 4, 3),
			( 'A1209049326', 'RAFAEL', 8000, '1989-01-05', 32, '2019-06-07', 4, 2, 2, 1, 'D200', 4, 3),
			( 'A1211051232', 'MARIA VITÓRIA', 3300, '1983-08-16', 37, '2017-09-28', 5, 19, 1, 1, 'D100', 1, 3),
			( 'A1212051409', 'ANA LAURA', 4840, '1975-11-01', 45, '2012-06-06', 3, 19, 1, 1, 'D100', 1, 3),
			( 'A1212052023', 'DAVI LUCCA', 9900, '1993-06-30', 27, '2018-04-30', 5, 6, 2, 1, 'D400', 4, 3),
			( 'A1301052124', 'RAUL', 4840, '1988-02-17', 33, '2016-09-29', 4, 19, 2, 1, 'D100', 3, 3),
			( 'A1301052347', 'JESSICA ALMEIDA', 12144, '1983-02-04', 38, '2018-03-29', 4, 18, 1, 1, 'D400', 3, 3),
			( 'A1301052436', 'KAUÊ M.', 6380, '1979-01-11', 42, '2016-05-12', 5, 20, 2, 1, 'D100', 1, 3),
			( 'A1301052449', 'MARTIN DA SILVA', 5720, '1982-08-18', 38, '2014-04-03', 5, 20, 2, 1, 'D100', 1, 3),
			( 'A1301052462', 'ARTHUR HENRIQUE', 4180, '1981-01-17', 40, '2016-09-29', 4, 19, 2, 1, 'D100', 2, 3),
			( 'A1301052902', 'LEONARDO', 6378, '1990-05-08', 31, '2015-05-09', 3, 6, 2, 1, 'D400', 4, 3),
			( 'A1302053044', 'ERICK', 4620, '1982-08-03', 38, '2017-12-04', 5, 19, 2, 1, 'D100', 1, 3),
			( 'A1302053333', 'ARTHUR', 6380, '1991-01-08', 30, '2017-09-28', 5, 8, 2, 1, 'D300', 4, 3),
			( 'A1302053339', 'JOÃO GUILHERME', 3960, '1994-10-17', 26, '2018-11-04', 4, 19, 2, 1, 'D100', 4, 1),
			( 'A1302053362', 'CAROLINA', 4620, '1993-10-06', 27, '2017-09-28', 3, 19, 1, 1, 'D100', 1, 3),
			( 'A1303054329', 'MARIA HELENA DA M.', 5940, '1971-04-16', 50, '2019-07-21', 3, 20, 1, 1, 'D100', 3, 2),
			( 'A1303054625', 'KEITY C.', 12212, '1992-07-09', 28, '2016-11-10', 5, 18, 1, 1, 'D400', 4, 3),
			( 'A1304055683', 'LUAN', 3080, '1982-10-10', 38, '2017-02-16', 3, 19, 2, 1, 'D100', 1, 3),
			( 'A1304055947', 'ISIS', 5060, '1982-05-21', 38, '2015-09-01', 5, 19, 1, 1, 'D100', 2, 2),
			( 'A1304055987', 'THIAGO', 3740, '1991-09-11', 29, '2015-09-07', 5, 19, 2, 1, 'D100', 4, 3),
			( 'A1305057282', 'AYLA', 4290, '1984-11-30', 36, '2017-12-04', 4, 19, 1, 1, 'D100', 4, 3),
			( 'A1306057810', 'MARIA- DA M.', 5500, '1974-08-08', 46, '2017-07-06', 3, 20, 1, 1, 'D100', 1, 2),
			( 'A1306057978', 'PEDRO', 5500, '1980-02-10', 41, '2017-09-28', 3, 1, 2, 1, 'D200', 2, 1),
			( 'A1306059197', 'BERNARDO', 4250, '1993-09-13', 27, '2017-08-17', 5, 1, 2, 1, 'D200', 4, 3),
			( 'A1307059817', 'HELENA', 3643, '1993-05-18', 27, '2018-01-04', 3, 7, 1, 1, 'D300', 4, 3),
			( 'A1307059937', 'PEDRO MIGUEL G.', 5280, '1993-10-07', 27, '2016-11-10', 3, 20, 2, 1, 'D100', 4, 3),
			( 'A1307059944', 'LIZ', 3740, '1978-09-22', 42, '2013-04-25', 3, 19, 1, 1, 'D100', 4, 3),
			( 'A1307060077', 'VICENTE', 11880, '1986-11-06', 34, '2018-02-05', 3, 16, 2, 1, 'D100', 3, 3),
			( 'A1307060188', 'INGRID G.', 7689, '1992-04-02', 29, '2018-02-15', 4, 9, 1, 1, 'D300', 1, 3),
			( 'A1308060366', 'CATARINA', 3520, '1994-01-08', 27, '2017-07-06', 3.1, 19, 1, 1, 'D100', 1, 2),
			( 'A1308060754', 'OLÍVIA', 5060, '1979-07-10', 41, '2016-11-10', 3, 19, 1, 1, 'D100', 1, 3),
			( 'A1308060959', 'MARIO ANDRADDE', 11660, '1970-09-08', 50, '2017-10-10', 3, 18, 2, 1, 'D400', 3, 3),
			( 'A1309061015', 'YURI', 4180, '1990-09-14', 30, '2018-03-29', 3, 19, 2, 1, 'D100', 3, 3),
			( 'A1311062610', 'KAIQUE', 4620, '1985-01-31', 36, '2014-09-30', 3, 19, 2, 1, 'D100', 4, 3),
			( 'A1311063114', 'LUIZ FELIPE', 4400, '1988-02-01', 33, '2017-03-30', 3, 19, 2, 1, 'D100', 2, 3),
			( 'A1311063172', 'EDUARDA S.', 4345, '1992-10-02', 28, '2019-06-07', 5, 19, 1, 1, 'D100', 4, 3),
			( 'A1312063675', 'ALLANA S.', 5280, '1979-09-09', 41, '2016-08-18', 5, 19, 1, 1, 'D100', 1, 3),
			( 'A1312063714', 'LUIZA', 7500, '1996-05-21', 24, '2014-05-06', 3, 2, 1, 1, 'D200', 1, 3),
			( 'A1401064327', 'MARIA FLOR', 4400, '1982-11-21', 38, '2014-05-30', 4, 19, 1, 1, 'D100', 1, 3),
			( 'A1401064562', 'PEDRO LUCAS', 3520, '1966-06-18', 54, '2017-05-31', 3, 19, 2, 1, 'D100', 3, 3),
			( 'A1401064637', 'BEATRIZ', 10250, '1970-07-04', 50, '2017-09-28', 3, 3, 1, 1, 'D200', 4, 3),
			( 'A1402065085', 'ELIANA C.', 5280, '1992-09-25', 28, '2017-02-16', 4, 20, 1, 1, 'D100', 4, 3),
			( 'A1402065303', 'ALICE R.', 11880, '1995-04-18', 26, '2017-05-04', 4, 15, 1, 1, 'D200', 4, 3),
			( 'A1403065721', 'ISABELLA', 5400, '1968-05-13', 53, '2017-08-17', 5, 1, 1, 1, 'D200', 2, 3),
			( 'A1403066020', 'MARIA FERNANDA', 3300, '1972-03-04', 49, '2016-01-04', 3.5, 19, 1, 1, 'D100', 1, 2),
			( 'A1403066069', 'MARIA SOPHIA', 3465, '1982-03-30', 39, '2018-04-30', 5, 19, 1, 1, 'D100', 2, 3),
			( 'A1403066125', 'JENIFFER S.', 5940, '1995-09-20', 25, '2014-04-03', 3, 20, 1, 1, 'D100', 2, 1),
			( 'A1403066194', 'LAÍS', 4840, '1975-10-26', 45, '2014-04-03', 5, 19, 1, 1, 'D100', 4, 3),
			( 'A1404066622', 'REBECA', 4400, '1979-02-04', 42, '2017-12-04', 4, 19, 1, 1, 'D100', 4, 2),
			( 'A1404066711', 'MARCELO R', 5940, '1997-08-16', 23, '2014-07-10', 3, 20, 2, 1, 'D100', 1, 3),
			( 'A1404066949', 'NATHAN', 3520, '1981-11-11', 39, '2016-09-29', 2, 19, 2, 1, 'D100', 1, 2),
			( 'A1405067064', 'STELLA S.', 5280, '1982-03-22', 39, '2014-11-27', 4, 19, 1, 1, 'D100', 3, 3),
			( 'A1405067298', 'LUCAS GABRIEL', 12100, '1983-03-27', 38, '2012-07-31', 4, 16, 1, 1, 'D100', 2, 3),
			( 'A1405067565', 'LUIZ HENRIQUE G.', 4840, '1984-03-17', 37, '2016-08-06', 3, 20, 2, 1, 'D100', 1, 3),
			( 'A1405067642', 'SOFIA A', 4840, '1978-11-30', 42, '2014-11-27', 5, 19, 1, 1, 'D100', 4, 2),
			( 'A1406067957', 'ALLANA DA M.', 5720, '1992-05-19', 28, '2018-03-29', 5, 20, 1, 1, 'D100', 4, 3),
			( 'A1406068241', 'VICTOR HUGO', 4620, '1987-02-08', 34, '2015-05-14', 3, 19, 2, 1, 'D100', 4, 3),
			( 'A1406068403', 'MURILO', 7810, '1993-04-06', 28, '2017-10-10', 4, 5, 2, 1, 'D400', 1, 2),
			( 'A1407068885', 'ANA JÚLIA', 8701, '1986-11-09', 34, '2018-02-15', 5, 5, 1, 1, 'D400', 3, 3),
			( 'A1407069061', 'MARIA LAURA', 3080, '1973-08-14', 47, '2015-05-14', 5, 19, 1, 1, 'D100', 4, 3),
			( 'A1407069280', 'LUIZ MIGUEL', 5445, '1985-08-25', 35, '2019-06-07', 4, 19, 2, 1, 'D100', 3, 2),
			( 'A1408069481', 'MANUELA', 5400, '1992-05-12', 29, '2015-02-19', 1, 1, 1, 1, 'D200', 2, 1),
			( 'A1408069503', 'LUAN B.', 5720, '1981-03-11', 40, '2015-09-01', 4, 20, 2, 1, 'D100', 1, 3),
			( 'A1408069539', 'ANA CECÍLIA', 3740, '1997-06-17', 23, '2016-11-10', 5, 19, 1, 1, 'D100', 4, 3),
			( 'A1408069635', 'MIRELLA S.', 4400, '1974-10-29', 46, '2016-11-10', 5, 19, 1, 1, 'D100', 1, 3),
			( 'A1408069882', 'VITÓRIA', 3520, '1996-01-27', 25, '2016-08-18', 3, 19, 1, 1, 'D100', 1, 3),
			( 'A1409070147', 'RAFAELA', 11220, '1978-11-27', 42, '2017-09-17', 4, 16, 1, 1, 'D100', 4, 3),
			( 'A1409070255', 'MARIA VALENTINA', 5280, '1972-05-04', 49, '2016-02-18', 5, 19, 1, 1, 'D100', 2, 3),
			( 'A1409070522', 'BRENO', 4400, '1988-10-05', 32, '2014-05-06', 5, 19, 2, 1, 'D100', 2, 2),
			( 'A1409070567', 'MARIA LUIZA', 8600, '1993-08-10', 27, '2014-09-30', 5, 2, 1, 1, 'D200', 1, 2),
			( 'A1410070998', 'AURORA', 4400, '1973-06-05', 47, '2019-04-07', 4, 19, 1, 1, 'D100', 2, 1),
			( 'A1410071137', 'EMILLY', 3520, '1973-07-19', 47, '2015-02-19', 2, 19, 1, 1, 'D100', 4, 1),
			( 'A1411071212', 'FRANCISCO', 3520, '1974-09-28', 46, '2014-11-06', 4, 19, 2, 1, 'D100', 1, 2),
			( 'A1411071295', 'HELOÍSA', 5350, '1994-12-04', 26, '2013-09-26', 4, 1, 1, 1, 'D200', 1, 3),
			( 'A1411071302', 'LUCAS', 8600, '1968-08-26', 52, '2014-06-08', 3, 2, 2, 1, 'D200', 4, 3),
			( 'A1411071312', 'LETICIA BARBOSA', 11902, '1957-01-16', 54, '2017-10-10', 5, 18, 1, 1, 'D400', 3, 3),
			( 'A1411071481', 'DAVI', 5400, '1959-12-09', 52, '2017-12-04', 3, 1, 2, 1, 'D200', 4, 3),
			( 'A1411071506', 'VICTOR', 10802, '1974-03-30', 47, '2018-03-29', 4, 18, 2, 1, 'D400', 3, 3),
			( 'A1412071660', 'THÉO', 5400, '1993-12-26', 27, '2015-04-30', 3, 1, 2, 1, 'D200', 4, 3),
			( 'A1412071713', 'ANALU', 4180, '1969-04-12', 52, '2017-05-31', 5, 19, 1, 1, 'D100', 1, 3),
			( 'A1412071844', 'LOUISE', 4840, '1963-12-26', 53, '2016-08-18', 3, 19, 1, 1, 'D100', 2, 3),
			( 'A1499902910', 'SAMUEL', 12320, '1989-08-15', 31, '2017-05-17', 3, 15, 2, 1, 'D200', 4, 1),
			( 'A1501071909', 'SAMUEL', 5390, '1970-02-01', 51, '2016-11-10', 3, 19, 1, 1, 'D100', 3, 3),
			( 'A1501072093', 'YASMIN', 6908, '1973-06-06', 47, '2013-01-04', 4, 6, 1, 1, 'D400', 3, 3),
			( 'A1501072124', 'VINÍCIUS', 4400, '1972-04-17', 49, '2017-07-06', 2, 19, 2, 1, 'D100', 4, 1),
			( 'A1501072180', 'GIOVANNA', 10000, '1995-11-04', 25, '2016-09-29', 3, 3, 1, 1, 'D200', 4, 3),
			( 'A1501072192', 'MARIAH S.', 4180, '1995-01-09', 26, '2018-03-29', 3, 19, 1, 1, 'D100', 1, 3),
			( 'A1501072311', 'JOÃO', 11990, '1973-10-09', 47, '2014-01-07', 3, 16, 2, 1, 'D100', 3, 3),
			( 'A1502072711', 'JOAQUIM', 11200, '1973-01-13', 48, '2009-08-31', 3, 3, 2, 1, 'D200', 2, 2),
			( 'A1503072857', 'ANA SOPHIA S.', 4620, '1971-03-21', 50, '2016-09-29', 5, 19, 1, 1, 'D100', 3, 3),
			( 'A1504073313', 'MATHEUS', 7500, '1980-07-05', 40, '2017-09-28', 5, 2, 2, 1, 'D200', 3, 3),
			( 'A1599991009', 'LEVI', 3300, '1982-08-08', 38, '2016-08-06', 5, 19, 2, 1, 'D100', 3, 3),
			( 'A1988299991', 'FRANCISCO', 8580, '1986-04-15', 35, '2018-04-30', 4, 6, 1, 1, 'D400', 3, 3),
			( 'A602000312', 'MARIA ALICE', 5720, '1993-05-09', 28, '2014-01-20', 4, 6, 1, 1, 'D400', 1, 2),
			( 'A706006285', 'PEDRO MIGUEL', 4620, '1987-11-14', 33, '2017-12-04', 4, 19, 2, 1, 'D100', 4, 3),
			( 'A710007555', 'ANA SOPHIA', 3740, '1979-05-11', 42, '2017-05-31', 4, 19, 1, 1, 'D100', 4, 3),
			( 'A803009012', 'ANA VITÓRIA', 5060, '1991-10-05', 29, '2015-02-19', 4, 19, 1, 1, 'D100', 4, 3),
			( 'A807010161', 'PIETRA CONTE', 3344, '1980-10-01', 40, '2016-09-29', 5, 19, 1, 1, 'D100', 4, 3),
			( 'A808010278', 'FELIPE', 6644, '1975-08-01', 45, '2018-04-30', 3, 5, 2, 1, 'D400', 3, 3),
			( 'A812011761', 'GABRIEL', 5400, '1987-05-18', 34, '2018-04-30', 5, 1, 2, 1, 'D200', 4, 3),
			( 'A904013591', 'MARCOS DE F.', 11836, '1988-08-31', 32, '2019-06-30', 4, 18, 2, 1, 'D400', 1, 3),
			( 'A906014183', 'ELISA', 10340, '1986-04-13', 35, '2017-09-29', 3, 18, 1, 1, 'D400', 3, 3),
			( 'A909015167', 'PIETRA S.', 5280, '1992-06-29', 28, '2016-06-30', 3, 19, 1, 1, 'D100', 4, 3)


INSERT INTO [dbo].[Reclutamiento_Fuentes]
           ([ID_Reclutamiento_Fuentes], [Reclutamiento_Fuentes])
     VALUES
			( 1, 'FERIA DE CONTRATACIÓN'),
			( 2, 'PÁGINA WEB COMPAÑÍA'),
			( 3, 'RECOMENDACIÓN EMPLEADOS'),
			( 4, 'SITIO WEB DE EMPLEO')

INSERT INTO [dbo].[Registro_Desempeño]
           ([ID_Registro_Desempeño], [Registro_Desempeño])
     VALUES
			( 1, 'ABAJO DE LO ESPERADO'),
			( 2, 'ARRIBA'),
			( 3, 'DENTRO DE LO ESPERADO')

INSERT INTO [dbo].[Sexo]
           ([ID_Sexo], [Sexo])
     VALUES
			( 1, 'F'),
			( 2, 'M')

/*****************************************************************************/
/***               MUESTRA DE TODAS LAS TABLAS CON SUS DATOS               ***/
/*****************************************************************************/
SELECT * FROM [dbo].[Cargo]
SELECT * FROM [dbo].[Departamento]
SELECT * FROM [dbo].[Estado_Integrante]
SELECT * FROM [dbo].[Gerente]
SELECT * FROM [dbo].[Integrante]
SELECT * FROM [dbo].[Reclutamiento_Fuentes]
SELECT * FROM [dbo].[Registro_Desempeño]
SELECT * FROM [dbo].[Sexo]
GO